SNo,Date,Algo,Username,Symbol,Entry,Stoploss,Position,Exit
0,30-12-2020,bnf_expiry,Tomin,BANKNIFTY20DEC31200CE,258.8833333,,-75,237.3166667
1,30-12-2020,bnf_expiry,Tomin,BANKNIFTY20DEC31200PE,162.2,,-75,138.1166667
2,30-12-2020,bnf_expiry,Abin,BANKNIFTY20DEC31200CE,259.25,,-75,237.4
3,30-12-2020,bnf_expiry,Abin,BANKNIFTY20DEC31200PE,162.2333333,,-75,138.2333333
4,30-12-2020,bnf_trend,Abin,BANKNIFTY2110731100PE,475.3,,25,433.65
5,30-12-2020,bnf_trend,Abin,BANKNIFTY2110731300CE,533.55,,25,495.5
6,30-12-2020,bnf_trend,Tomin,BANKNIFTY2110731100PE,475.3,,25,433.65
7,30-12-2020,bnf_trend,Tomin,BANKNIFTY2110731300CE,533.55,,25,496.6
8,31-12-2020,bnf_expiry,Tomin,BANKNIFTY20DEC31200CE,154.3,,-75,185.4666667
9,31-12-2020,bnf_expiry,Tomin,BANKNIFTY20DEC31300PE,79.18333333,,-75,27.93333333
10,31-12-2020,bnf_expiry,Tomin,BANKNIFTY20DEC31300CE,2.25,,-75,0.5
11,31-12-2020,bnf_expiry,Abin,BANKNIFTY20DEC31200CE,154.25,,-75,185.8833333
12,31-12-2020,bnf_expiry,Abin,BANKNIFTY20DEC31300PE,79.63333333,,-75,28.23333333
13,31-12-2020,bnf_expiry,Abin,BANKNIFTY20DEC31300CE,2.2,,-75,0.5
14,31-12-2020,fno_trend,Abin,IDEA,10.75,10.55,7500,10.55
15,31-12-2020,fno_trend,Abin,SAIL,73.25,71.7,1000,74.1
16,31-12-2020,fno_trend,Abin,JUBLFOOD,2774,2741.05,45,2791.2
17,31-12-2020,fno_trend,Tomin,IDEA,10.75,10.55,7500,10.55
18,31-12-2020,fno_trend,Tomin,SAIL,73.25,71.7,1000,74.1
19,31-12-2020,fno_trend,Tomin,JUBLFOOD,2774,2741.05,45,2791.276667
20,01-01-2021,bnf_expiry,Tomin,BANKNIFTY2110731300CE,385.2,,-25,352.5
21,01-01-2021,bnf_expiry,Abin,BANKNIFTY2110731300CE,385.15,,-25,352.5
22,01-01-2021,fno_trend,Abin,BEL,127.25,124.9,652,126.6
23,01-01-2021,fno_trend,Abin,PNB,34.7,34.2,3000,34.8
24,01-01-2021,fno_trend,Tomin,BEL,127.25,124.9,652,126.6
25,01-01-2021,fno_trend,Tomin,PNB,34.7,34.2,3000,34.8
26,04-01-2021,bnf_expiry,Tomin,BANKNIFTY2110731200CE,404,,-25,354.85
27,04-01-2021,bnf_expiry,Tomin,BANKNIFTY2110731200PE,258.75,,-25,363.15
28,04-01-2021,bnf_expiry,Tomin,BANKNIFTY2110731100CE,342.45,,-25,384.75
29,04-01-2021,bnf_expiry,Tomin,BANKNIFTY2110731200PE,281.25,,-25,283.4
30,04-01-2021,bnf_expiry,Abin,BANKNIFTY2110731200CE,410.6,,-25,354.95
31,04-01-2021,bnf_expiry,Abin,BANKNIFTY2110731200PE,258.3,,-25,364.25
32,04-01-2021,bnf_expiry,Abin,BANKNIFTY2110731100CE,342.15,,-25,384.75
33,04-01-2021,bnf_expiry,Abin,BANKNIFTY2110731200PE,281.6,,-25,284.6
34,04-01-2021,bnf_trend,Abin,BANKNIFTY2110731200PE,375.675,,50,260.95
35,04-01-2021,bnf_trend,Tomin,BANKNIFTY2110731200PE,380,,50,262.7
36,04-01-2021,fno_trend,Abin,ASHOKLEY,104.25,102.7,1935,103.95
37,04-01-2021,fno_trend,Abin,TATASTEEL,671.9752055,663.45,365,691.0660274
38,04-01-2021,fno_trend,Abin,CHOLAFIN,428.934901,423.8,606,445.0082508
39,04-01-2021,fno_trend,Abin,SAIL,78.7580032,77.6,2499,79.75
40,04-01-2021,fno_trend,Tomin,ASHOKLEY,104.25,102.7,967,103.95
41,04-01-2021,fno_trend,Tomin,TATASTEEL,672,663.45,182,691.1
42,04-01-2021,fno_trend,Tomin,CHOLAFIN,429,423.8,303,445
43,04-01-2021,fno_trend,Tomin,SAIL,78.8,77.6,1249,79.7
44,05-01-2021,bnf_expiry,Tomin,BANKNIFTY2110731200PE,290.15,,-25,101.35
45,05-01-2021,bnf_expiry,Abin,BANKNIFTY2110731200PE,290.25,,-25,101.15
46,05-01-2021,bnf_trend,Abin,BANKNIFTY2110731300CE,274.35,,50,271.775
47,05-01-2021,bnf_trend,Abin,BANKNIFTY2110731500CE,269.45,,50,392.85
48,05-01-2021,bnf_trend,Tomin,BANKNIFTY2110731300CE,274.65,,50,270
49,05-01-2021,bnf_trend,Tomin,BANKNIFTY2110731500CE,268.925,,50,393.025
50,05-01-2021,fno_trend,Abin,AXISBANK,643.8,634.3,320,664.0798438
51,05-01-2021,fno_trend,Abin,WIPRO,409.0887273,403.65,550,406.9598182
52,05-01-2021,fno_trend,Abin,RBLBANK,247.15,243.75,895,250.35
53,05-01-2021,fno_trend,Abin,NAUKRI,5292.181579,5132.05,19,5499
54,05-01-2021,fno_trend,Abin,TATAMOTORS,193.65,191.2,1276,193.05
55,05-01-2021,fno_trend,Tomin,AXISBANK,643.85,634.3,320,664.1567188
56,05-01-2021,fno_trend,Tomin,WIPRO,409.0712727,403.65,550,406.9
57,05-01-2021,fno_trend,Tomin,RBLBANK,247.15,243.75,895,250.3184358
58,05-01-2021,fno_trend,Tomin,NAUKRI,5292.160526,5132.05,19,5499
59,05-01-2021,fno_trend,Tomin,TATAMOTORS,193.65,191.2,1276,193.05
60,05-01-2021,fno_trend,Michael,AXISBANK,643.85,634.3,64,664.2
61,05-01-2021,fno_trend,Michael,WIPRO,409.1,403.65,110,407
62,05-01-2021,fno_trend,Michael,RBLBANK,247.1,243.75,179,250.35
63,05-01-2021,fno_trend,Michael,NAUKRI,5291.3,5132.05,3,5499
64,05-01-2021,fno_trend,Michael,TATAMOTORS,193.65,191.2,255,193.05
65,06-01-2021,bnf_expiry,Tomin,BANKNIFTY2110731800PE,187.95,,-75,188.7
66,06-01-2021,bnf_expiry,Tomin,BANKNIFTY2110731800CE,231.1,,-75,207.9333333
67,06-01-2021,bnf_expiry,Abin,BANKNIFTY2110731800PE,187.9166667,,-75,188.7666667
68,06-01-2021,bnf_expiry,Abin,BANKNIFTY2110731800CE,230.95,,-75,207.85
69,06-01-2021,bnf_trend,Abin,BANKNIFTY2111431600PE,450.45,,25,332.65
70,06-01-2021,bnf_trend,Tomin,BANKNIFTY2111431600PE,450.4,,25,334.25
71,06-01-2021,fno_trend,Abin,RBLBANK,262.95,259.35,821,259.3
72,06-01-2021,fno_trend,Abin,SRTRANSFIN,1171.942532,1151.55,154,1194.5
73,06-01-2021,fno_trend,Abin,NAUKRI,5290.271429,5361.45,-42,5248.414286
74,06-01-2021,fno_trend,Tomin,RBLBANK,262.95,259.35,821,259.3
75,06-01-2021,fno_trend,Tomin,SRTRANSFIN,1171.95,1151.55,154,1194.5
76,06-01-2021,fno_trend,Tomin,NAUKRI,5290.291667,5361.45,-42,5248.502381
77,06-01-2021,fno_trend,Michael,RBLBANK,262.9042683,259.35,164,259.3134146
78,06-01-2021,fno_trend,Michael,SRTRANSFIN,1171.9,1151.55,30,1194.5
79,06-01-2021,fno_trend,Michael,NAUKRI,5290.35,5361.45,-8,5249.325
80,07-01-2021,bnf_expiry,Tomin,BANKNIFTY2110732000PE,84.91666667,,-75,11.2
81,07-01-2021,bnf_expiry,Tomin,BANKNIFTY2110732000CE,65.6,,-75,0.4
82,07-01-2021,bnf_expiry,Abin,BANKNIFTY2110732000PE,84.96666667,,-75,11.2
83,07-01-2021,bnf_expiry,Abin,BANKNIFTY2110732000CE,66.25,,-75,0.4
84,07-01-2021,bnf_trend,Abin,BANKNIFTY2111431900PE,333,,25,332.15
85,07-01-2021,bnf_trend,Tomin,BANKNIFTY2111431900PE,333.55,,25,332.05
86,07-01-2021,fno_trend,Abin,BHARATFORG,589.5,576.35,237,598.1063291
87,07-01-2021,fno_trend,Abin,HINDALCO,271.85,268,800,273.15
88,07-01-2021,fno_trend,Abin,ASHOKLEY,111.4,109.75,1935,110.8183979
89,07-01-2021,fno_trend,Abin,SRTRANSFIN,1241.8,1226.45,199,1306.668593
90,07-01-2021,fno_trend,Abin,BHARTIARTL,552.75,544.95,405,544.6
91,07-01-2021,fno_trend,Abin,SRTRANSFIN,1283.2,1241.5,72,1306
92,07-01-2021,fno_trend,Abin,TATASTEEL,724.9142023,713.2,257,723.45
93,07-01-2021,fno_trend,Abin,IDFCFIRSTB,47.1,45.7,2222,45.7
94,07-01-2021,fno_trend,Tomin,BHARATFORG,589.5,576.35,237,598.0694093
95,07-01-2021,fno_trend,Tomin,HINDALCO,271.85,268,800,273.20175
96,07-01-2021,fno_trend,Tomin,ASHOKLEY,111.4,109.75,1935,110.8205426
97,07-01-2021,fno_trend,Tomin,SRTRANSFIN,1241.658794,1226.45,199,1306.323618
98,07-01-2021,fno_trend,Tomin,BHARTIARTL,552.75,544.95,405,544.6
99,07-01-2021,fno_trend,Tomin,SRTRANSFIN,1283.29375,1241.5,72,1306.2875
100,07-01-2021,fno_trend,Tomin,TATASTEEL,724.9,713.2,257,723.15
101,07-01-2021,fno_trend,Tomin,IDFCFIRSTB,47.1,45.7,2222,45.7
102,07-01-2021,fno_trend,Michael,BHARATFORG,589.5,576.35,47,598.05
103,07-01-2021,fno_trend,Michael,HINDALCO,271.8359375,268,160,273.15
104,07-01-2021,fno_trend,Michael,ASHOKLEY,111.4,109.75,387,110.8
105,07-01-2021,fno_trend,Michael,SRTRANSFIN,1241.45,1226.45,39,1306.45
106,07-01-2021,fno_trend,Michael,BHARTIARTL,552.7,544.95,81,544.6
107,07-01-2021,fno_trend,Michael,SRTRANSFIN,1283.45,1241.5,14,1306
108,07-01-2021,fno_trend,Michael,TATASTEEL,724.9,713.2,51,723.45
109,07-01-2021,fno_trend,Michael,IDFCFIRSTB,47.1,45.7,444,45.7
110,08-01-2021,bnf_expiry,Tomin,BANKNIFTY2111432100CE,376.05,,-25,378.95
111,08-01-2021,bnf_expiry,Abin,BANKNIFTY2111432100CE,374.5,,-25,378.8
112,08-01-2021,fno_trend,Abin,PEL,1566.263636,1542.45,132,1542
113,08-01-2021,fno_trend,Abin,WIPRO,420.2,415.6,652,430.4003834
114,08-01-2021,fno_trend,Abin,MARUTI,7886.980357,7782.55,28,8018.071429
115,08-01-2021,fno_trend,Abin,ZEEL,235.45,230.45,594,230.4
116,08-01-2021,fno_trend,Abin,UPL,505,497.7,410,504.75
117,08-01-2021,fno_trend,Tomin,PEL,1566.277652,1542.45,132,1542
118,08-01-2021,fno_trend,Tomin,WIPRO,420.1984663,415.6,652,430.5
119,08-01-2021,fno_trend,Tomin,MARUTI,7887.051786,7782.55,28,8018.5
120,08-01-2021,fno_trend,Tomin,ZEEL,235.6,230.45,594,230.4
121,08-01-2021,fno_trend,Tomin,UPL,505,497.7,410,504.65
122,08-01-2021,fno_trend,Michael,PEL,1566.3,1542.45,26,1542
123,08-01-2021,fno_trend,Michael,WIPRO,420.2,415.6,130,430.4
124,08-01-2021,fno_trend,Michael,MARUTI,7886.95,7782.55,5,8018.5
125,08-01-2021,fno_trend,Michael,ZEEL,235.6,230.45,118,230.4
126,08-01-2021,fno_trend,Michael,UPL,505,497.7,82,504.65
127,11-01-2021,bnf_expiry,Tomin,BANKNIFTY2111432100CE,355.9,,-25,333
128,11-01-2021,bnf_expiry,Tomin,BANKNIFTY2111432000PE,317.35,,-25,360.95
129,11-01-2021,bnf_expiry,Tomin,BANKNIFTY2111431900CE,378.1,,-25,419.75
130,11-01-2021,bnf_expiry,Abin,BANKNIFTY2111432100CE,355.95,,-25,333
131,11-01-2021,bnf_expiry,Abin,BANKNIFTY2111432000PE,317.35,,-25,361
132,11-01-2021,bnf_expiry,Abin,BANKNIFTY2111431900CE,378.1,,-25,419.85
133,11-01-2021,bnf_trend,Abin,BANKNIFTY2111431900PE,351.2,,50,273
134,11-01-2021,bnf_trend,Tomin,BANKNIFTY2111431900PE,370,,50,274.6
135,11-01-2021,fno_trend,Abin,TATAMOTORS,207.6,204.85,1071,217.95
136,11-01-2021,fno_trend,Abin,HCLTECH,1048.4,1036.35,248,1056.55
137,11-01-2021,fno_trend,Abin,TATAMOTORS,217.3,207.65,310,217.95
138,11-01-2021,fno_trend,Tomin,TATAMOTORS,207.6,204.85,1071,217.95
139,11-01-2021,fno_trend,Tomin,HCLTECH,1048.4,1036.35,248,1056.55
140,11-01-2021,fno_trend,Tomin,TATAMOTORS,217.3,207.65,310,217.95
141,11-01-2021,fno_trend,Michael,TATAMOTORS,207.6,204.85,214,217.95
142,11-01-2021,fno_trend,Michael,HCLTECH,1048.4,1036.35,49,1055.912245
143,11-01-2021,fno_trend,Michael,TATAMOTORS,217.3,207.65,62,217.95
144,12-01-2021,bnf_expiry,Abin,BANKNIFTY2111431900PE,286,,-25,119.9
145,12-01-2021,bnf_expiry,Tomin,BANKNIFTY2111431900PE,287.45,,-25,121.65
146,12-01-2021,bnf_trend,Abin,BANKNIFTY2111432100CE,331.9,,50,429.2
147,12-01-2021,bnf_trend,Tomin,BANKNIFTY2111432100CE,330.95,,50,429.25
148,12-01-2021,fno_trend,Abin,EICHERMOT,2948,2884.8,47,2884.795745
149,12-01-2021,fno_trend,Abin,TATACHEM,525.2659021,515.7,327,527.8
150,12-01-2021,fno_trend,Abin,DLF,268.75,259.75,329,269.2
151,12-01-2021,fno_trend,Abin,DLF,271.25,261.15,298,269.75
152,12-01-2021,fno_trend,Abin,TATACHEM,534.2788136,521.3,236,528.3411017
153,12-01-2021,fno_trend,Tomin,EICHERMOT,2948,2884.8,47,2883.656383
154,12-01-2021,fno_trend,Tomin,TATACHEM,525.6041284,515.7,327,527.796789
155,12-01-2021,fno_trend,Tomin,DLF,268.75,259.75,329,269.4
156,12-01-2021,fno_trend,Tomin,DLF,271.25,261.15,298,269.7
157,12-01-2021,fno_trend,Tomin,TATACHEM,534.2561441,521.3,236,528.4
158,12-01-2021,fno_trend,Michael,EICHERMOT,2948,2884.8,9,2884
159,12-01-2021,fno_trend,Michael,TATACHEM,525.45,515.7,65,527.85
160,12-01-2021,fno_trend,Michael,DLF,268.75,259.75,65,269.45
161,12-01-2021,fno_trend,Michael,DLF,271.3,261.15,59,269.75
162,12-01-2021,fno_trend,Michael,TATACHEM,534.25,521.3,47,528.4
163,12-01-2021,fno_trend,Ravindra,EICHERMOT,2948.877778,2884.8,9,2884
164,12-01-2021,fno_trend,Ravindra,TATACHEM,525.15,515.7,65,527.8
165,12-01-2021,fno_trend,Ravindra,DLF,268.75,259.75,65,269.4
166,12-01-2021,fno_trend,Ravindra,DLF,271.25,261.15,59,269.7016949
167,12-01-2021,fno_trend,Ravindra,TATACHEM,534.3,521.3,47,528.35
168,12-01-2021,nf_expiry,Tomin,NIFTY2111414450CE,90.2,,-75,109.4
169,12-01-2021,nf_expiry,Tomin,NIFTY2111414500PE,95.35,,-75,55.45
170,12-01-2021,nf_expiry,Abin,NIFTY2111414450CE,90.3,,-75,109.6
171,12-01-2021,nf_expiry,Abin,NIFTY2111414500PE,95.05,,-75,55.3
172,12-01-2021,nf_trend,Tomin,NIFTY2111414500CE,92.15,,150,115.75
173,12-01-2021,nf_trend,Abin,NIFTY2111414500CE,92.175,,150,116.3
174,13-01-2021,fno_trend,Michael,M&M,816.65,804.25,53,828.6
175,13-01-2021,fno_trend,Michael,HDFC,2670,2700.85,-19,2671
176,13-01-2021,fno_trend,Ravindra,M&M,816.65,804.25,53,828.6
177,13-01-2021,fno_trend,Ravindra,HDFC,2670,2700.85,-19,2671
178,13-01-2021,bnf_expiry,Abin,BANKNIFTY2111432500PE,176.1333333,,-75,209.9333333
179,13-01-2021,bnf_expiry,Abin,BANKNIFTY2111432500CE,225.7,,-75,194.1666667
180,13-01-2021,bnf_expiry,Abin,BANKNIFTY2111432500PE,172.3666667,,-75,124.3
181,13-01-2021,bnf_expiry,Tomin,BANKNIFTY2111432500PE,175.2,,-75,209.8666667
182,13-01-2021,bnf_expiry,Tomin,BANKNIFTY2111432500CE,223.75,,-75,194.1
183,13-01-2021,bnf_expiry,Tomin,BANKNIFTY2111432500PE,171.85,,-75,123.95
184,13-01-2021,fno_trend,Abin,M&M,816.7323308,804.25,266,828.6481203
185,13-01-2021,fno_trend,Abin,HDFC,2670.1,2700.85,-98,2670.936224
186,13-01-2021,fno_trend,Tomin,M&M,816.7039474,804.25,266,828.6396617
187,13-01-2021,fno_trend,Tomin,HDFC,2670.1,2700.85,-98,2670.975
188,13-01-2021,nf_expiry,Tomin,NIFTY2111414600PE,61.53333333,,-225,71.48333333
189,13-01-2021,nf_expiry,Tomin,NIFTY2111414600CE,66.63333333,,-225,39.01666667
190,13-01-2021,nf_expiry,Tomin,NIFTY2111414550PE,38.23333333,,-225,36.6
191,13-01-2021,nf_expiry,Abin,NIFTY2111414600PE,61.5,,-225,71.58333333
192,13-01-2021,nf_expiry,Abin,NIFTY2111414600CE,66.7,,-225,38.65
193,13-01-2021,nf_expiry,Abin,NIFTY2111414550PE,38.53333333,,-225,37
194,14-01-2021,bnf_expiry,Abin,BANKNIFTY2111432500CE,113.15,,-75,173.3166667
195,14-01-2021,bnf_expiry,Abin,BANKNIFTY2111432600PE,62.65,,-75,88
196,14-01-2021,bnf_expiry,Abin,BANKNIFTY2111432600CE,61.2,,-75,0.25
197,14-01-2021,bnf_expiry,Tomin,BANKNIFTY2111432500CE,113.8166667,,-75,173.2
198,14-01-2021,bnf_expiry,Tomin,BANKNIFTY2111432600PE,61.6,,-75,88.7
199,14-01-2021,bnf_expiry,Tomin,BANKNIFTY2111432600CE,61.68333333,,-75,0.25
200,14-01-2021,fno_trend,Abin,UPL,513,505.75,454,509
201,14-01-2021,fno_trend,Tomin,UPL,513.6756608,505.75,454,509
202,14-01-2021,nf_expiry,Tomin,NIFTY2111414550PE,43.6,,-225,0.15
203,14-01-2021,nf_expiry,Abin,NIFTY2111414550PE,43.58333333,,-225,0.15
204,14-01-2021,fno_trend,Michael,UPL,513.65,505.75,90,509
205,14-01-2021,fno_trend,Ravindra,UPL,513.55,505.75,90,509
206,14-01-2021,nf_trend,Tomin,NIFTY2112114500PE,145.4,,75,126.6
207,14-01-2021,nf_trend,Tomin,NIFTY2112114550CE,162.35,,75,154
208,14-01-2021,nf_trend,Tomin,NIFTY2112114600CE,148.9,,75,138.4
209,14-01-2021,nf_trend,Abin,NIFTY2112114500PE,145.25,,75,126.6
210,14-01-2021,nf_trend,Abin,NIFTY2112114550CE,162.35,,75,154
211,14-01-2021,nf_trend,Abin,NIFTY2112114600CE,148.95,,75,137.95
212,15-01-2021,bnf_expiry,Abin,BANKNIFTY2112132300PE,412.8,,-25,467.9
213,15-01-2021,bnf_expiry,Abin,BANKNIFTY2112132200CE,431.15,,-25,460.75
214,15-01-2021,bnf_expiry,Tomin,BANKNIFTY2112132300PE,412,,-25,472
215,15-01-2021,bnf_expiry,Tomin,BANKNIFTY2112132200CE,430.25,,-25,460.4
216,15-01-2021,bnf_expiry,Ravindra,BANKNIFTY2112132300PE,412.85,,-25,471.05
217,15-01-2021,bnf_expiry,Ravindra,BANKNIFTY2112132200CE,431.4,,-25,460.6
218,15-01-2021,fno_trend,Abin,HCLTECH,1004.464833,1019.2,-209,988.3497608
219,15-01-2021,fno_trend,Abin,TATAMOTORS,261.15,255.45,540,255.55
220,15-01-2021,fno_trend,Abin,IDEA,13.5,13.05,6666,13.45
221,15-01-2021,fno_trend,Tomin,HCLTECH,1004.469856,1019.2,-209,988.3
222,15-01-2021,fno_trend,Tomin,TATAMOTORS,261.15,255.45,540,255.55
223,15-01-2021,fno_trend,Tomin,IDEA,13.5,13.05,6666,13.45
224,15-01-2021,bnf_trend,Abin,BANKNIFTY2112132300PE,413.35,,50,421
225,15-01-2021,bnf_trend,Abin,BANKNIFTY2112132400CE,426.3,,50,374.7
226,15-01-2021,bnf_trend,Abin,BANKNIFTY2112132200PE,436.95,,50,377.8
227,15-01-2021,bnf_trend,Tomin,BANKNIFTY2112132300PE,413.35,,50,421.925
228,15-01-2021,bnf_trend,Tomin,BANKNIFTY2112132400CE,426.3,,50,373.45
229,15-01-2021,bnf_trend,Tomin,BANKNIFTY2112132200PE,440.45,,50,377.8
230,15-01-2021,bnf_trend,Ravindra,BANKNIFTY2112132300PE,413.3,,50,421.6
231,15-01-2021,bnf_trend,Ravindra,BANKNIFTY2112132400CE,426.3,,50,373.5
232,15-01-2021,bnf_trend,Ravindra,BANKNIFTY2112132200PE,440.175,,50,377.8
233,15-01-2021,nf_expiry,Tomin,NIFTY2112114500PE,130.4,,-75,153.75
234,15-01-2021,nf_expiry,Tomin,NIFTY2112114450CE,160.3,,-75,146.4
235,15-01-2021,nf_expiry,Abin,NIFTY2112114500PE,130.45,,-75,153.65
236,15-01-2021,nf_expiry,Abin,NIFTY2112114450CE,160.7,,-75,146.4
237,15-01-2021,fno_trend,Michael,HCLTECH,1004.5,1019.05,-41,988.3426829
238,15-01-2021,fno_trend,Michael,TATAMOTORS,261.2,255.45,108,255.55
239,15-01-2021,fno_trend,Michael,IDEA,13.5,13.05,1333,13.45
240,15-01-2021,fno_trend,Ravindra,HCLTECH,1004.5,1019.05,-41,988.15
241,15-01-2021,fno_trend,Ravindra,TATAMOTORS,261.15,255.45,108,255.55
242,15-01-2021,fno_trend,Ravindra,IDEA,13.5,13.05,1333,13.45
243,15-01-2021,nf_trend,Tomin,NIFTY2112114450PE,148.7,,150,137.05
244,15-01-2021,nf_trend,Abin,NIFTY2112114450PE,148.65,,150,137.05
245,18-01-2021,bnf_expiry,Abin,BANKNIFTY2112132200CE,430.15,,-25,306.2
246,18-01-2021,bnf_expiry,Abin,BANKNIFTY2112132000PE,356.9,,-25,387.8
247,18-01-2021,bnf_expiry,Abin,BANKNIFTY2112131900CE,380.2,,-25,329.05
248,18-01-2021,bnf_expiry,Tomin,BANKNIFTY2112132200CE,430.15,,-25,306.15
249,18-01-2021,bnf_expiry,Tomin,BANKNIFTY2112132000PE,356.9,,-25,387.8
250,18-01-2021,bnf_expiry,Tomin,BANKNIFTY2112131900CE,381.05,,-25,329.05
251,18-01-2021,bnf_expiry,Ravindra,BANKNIFTY2112132200CE,430.15,,-25,306.2
252,18-01-2021,bnf_expiry,Ravindra,BANKNIFTY2112132000PE,356.7,,-25,387.8
253,18-01-2021,bnf_expiry,Ravindra,BANKNIFTY2112131900CE,379.95,,-25,329.2
254,18-01-2021,fno_trend,Abin,HDFC,2557.590099,2587.85,-101,2565
255,18-01-2021,fno_trend,Abin,UPL,547.8182073,539.5,357,563.65
256,18-01-2021,fno_trend,Abin,INDUSINDBK,926.8255435,937.85,-276,937.973913
257,18-01-2021,fno_trend,Tomin,HDFC,2557.6,2587.85,-101,2565
258,18-01-2021,fno_trend,Tomin,UPL,547.7815126,539.5,357,563.5556022
259,18-01-2021,fno_trend,Tomin,INDUSINDBK,926.8,937.85,-276,937.95
260,18-01-2021,fno_trend,Michael,HDFC,2557.5,2587.85,-20,2565
261,18-01-2021,fno_trend,Michael,UPL,547.75,539.5,71,563.478169
262,18-01-2021,fno_trend,Michael,INDUSINDBK,926.8,937.85,-55,937.95
263,18-01-2021,fno_trend,Ravindra,HDFC,2557.5,2587.85,-20,2565
264,18-01-2021,fno_trend,Ravindra,UPL,547.85,539.5,71,563.5
265,18-01-2021,fno_trend,Ravindra,INDUSINDBK,926.8,937.85,-55,937.95
266,18-01-2021,bnf_trend,Abin,BANKNIFTY2112132100PE,389,,50,410.3
267,18-01-2021,bnf_trend,Abin,BANKNIFTY2112132100CE,393.35,,50,308.225
268,18-01-2021,bnf_trend,Abin,BANKNIFTY2112131800PE,336.425,,50,342.5
269,18-01-2021,bnf_trend,Tomin,BANKNIFTY2112132100PE,388.925,,50,410.3
270,18-01-2021,bnf_trend,Tomin,BANKNIFTY2112132100CE,393.35,,50,308.175
271,18-01-2021,bnf_trend,Tomin,BANKNIFTY2112131800PE,335.875,,50,342.375
272,18-01-2021,bnf_trend,Ravindra,BANKNIFTY2112132100PE,388.575,,50,410.25
273,18-01-2021,bnf_trend,Ravindra,BANKNIFTY2112132100CE,393.425,,50,308.825
274,18-01-2021,bnf_trend,Ravindra,BANKNIFTY2112131800PE,335.875,,50,342.225
275,18-01-2021,nf_trend,Tomin,NIFTY2112114350CE,127.95,,150,105.825
276,18-01-2021,nf_trend,Tomin,NIFTY2112114300PE,120.9,,150,128.625
277,18-01-2021,nf_trend,Abin,NIFTY2112114350CE,127.925,,150,106.65
278,18-01-2021,nf_trend,Abin,NIFTY2112114300PE,121,,150,128.725
279,18-01-2021,nf_expiry,Tomin,NIFTY2112114300PE,122.25,,-75,147.55
280,18-01-2021,nf_expiry,Tomin,NIFTY2112114250CE,142.85,,-75,184.9
281,18-01-2021,nf_expiry,Tomin,NIFTY2112114350PE,128.5,,-75,144.05
282,18-01-2021,nf_expiry,Tomin,NIFTY2112114300CE,119.65,,-75,113.1
283,18-01-2021,nf_expiry,Abin,NIFTY2112114300PE,122.25,,-75,147.6
284,18-01-2021,nf_expiry,Abin,NIFTY2112114250CE,142.7,,-75,184.9
285,18-01-2021,nf_expiry,Abin,NIFTY2112114350PE,128.5,,-75,144.7
286,18-01-2021,nf_expiry,Abin,NIFTY2112114300CE,119.6,,-75,113.15
287,19-01-2021,bnf_expiry,Abin,BANKNIFTY2112132000PE,336.4,,-25,85.55
288,19-01-2021,bnf_expiry,Tomin,BANKNIFTY2112132000PE,336.3,,-25,85.55
289,19-01-2021,bnf_expiry,Ravindra,BANKNIFTY2112132000PE,336.7,,-25,85.5
290,19-01-2021,fno_trend,Abin,SRTRANSFIN,1236.814379,1216.95,153,1216.5
291,19-01-2021,fno_trend,Abin,BAJAJFINSV,8759,8628,22,8926.381818
292,19-01-2021,fno_trend,Abin,BAJFINANCE,4917.55,4861.5,55,4963
293,19-01-2021,fno_trend,Tomin,SRTRANSFIN,1236.75,1216.95,153,1216.5
294,19-01-2021,fno_trend,Tomin,BAJAJFINSV,8759,8628,22,8926.7
295,19-01-2021,fno_trend,Tomin,BAJFINANCE,4917.55,4861.5,55,4963
296,19-01-2021,fno_trend,Michael,SRTRANSFIN,1236.7,1216.95,30,1216.5
297,19-01-2021,fno_trend,Michael,BAJAJFINSV,8758.8375,8628,4,8926.1875
298,19-01-2021,fno_trend,Michael,BAJFINANCE,4917.6,4861.5,11,4962.05
299,19-01-2021,fno_trend,Ravindra,SRTRANSFIN,1236.716667,1216.95,30,1216.5
300,19-01-2021,fno_trend,Ravindra,BAJAJFINSV,8758.4,8628,4,8926.15
301,19-01-2021,fno_trend,Ravindra,BAJFINANCE,4917.572727,4861.5,11,4962
302,19-01-2021,bnf_trend,Abin,BANKNIFTY2112132100CE,318.85,,50,486.65
303,19-01-2021,bnf_trend,Tomin,BANKNIFTY2112132100CE,319.025,,50,486.7
304,19-01-2021,bnf_trend,Ravindra,BANKNIFTY2112132100CE,319.025,,50,486.75
305,19-01-2021,nf_trend,Tomin,NIFTY2112114500CE,85.75,,150,110.1
306,19-01-2021,nf_trend,Abin,NIFTY2112114500CE,85.7,,150,110.05
307,20-01-2021,bnf_expiry,Abin,BANKNIFTY2112132600PE,199.8,,-75,309.47
308,20-01-2021,bnf_expiry,Abin,BANKNIFTY2112132500CE,177.15,,-75,194.95
309,20-01-2021,bnf_expiry,Abin,BANKNIFTY2112132500PE,136.55,,-75,144.6833333
310,20-01-2021,bnf_expiry,Tomin,BANKNIFTY2112132600PE,199.75,,-75,289.35
311,20-01-2021,bnf_expiry,Tomin,BANKNIFTY2112132500CE,177.1,,-75,194.9
312,20-01-2021,bnf_expiry,Tomin,BANKNIFTY2112132500PE,136.7333333,,-75,144.8833333
313,20-01-2021,bnf_expiry,Ravindra,BANKNIFTY2112132600PE,199.8666667,,-75,237.1
314,20-01-2021,bnf_expiry,Ravindra,BANKNIFTY2112132500CE,176.7166667,,-75,195
315,20-01-2021,bnf_expiry,Ravindra,BANKNIFTY2112132500PE,136.6833333,,-75,144.55
316,20-01-2021,fno_trend,Abin,TATAMOTORS,271.5,267.4,705,274.5353901
317,20-01-2021,fno_trend,Abin,ADANIPORTS,554.4,545.05,322,558
318,20-01-2021,fno_trend,Tomin,TATAMOTORS,271.5,267.4,705,274.5
319,20-01-2021,fno_trend,Tomin,ADANIPORTS,554.4,545.05,322,558
320,20-01-2021,fno_trend,Michael,TATAMOTORS,271.55,267.4,141,274.5
321,20-01-2021,fno_trend,Michael,ADANIPORTS,554.35,545.05,64,558.0023438
322,20-01-2021,fno_trend,Ravindra,TATAMOTORS,271.55,267.4,141,274.5
323,20-01-2021,fno_trend,Ravindra,ADANIPORTS,554.4,545.05,64,558
324,20-01-2021,bnf_trend,Abin,BANKNIFTY21JAN32600CE,456.7,,25,428.1
325,20-01-2021,bnf_trend,Tomin,BANKNIFTY21JAN32600CE,456.3,,25,428.15
326,20-01-2021,bnf_trend,Ravindra,BANKNIFTY21JAN32600CE,456.7,,25,428.1
327,20-01-2021,nf_trend,Tomin,NIFTY21JAN14650CE,135.65,,75,128
328,20-01-2021,nf_trend,Abin,NIFTY21JAN14650CE,135.35,,75,128
329,20-01-2021,nf_expiry,Tomin,NIFTY2112114600PE,56.35,,-225,69.13333333
330,20-01-2021,nf_expiry,Tomin,NIFTY2112114550CE,77.7,,-225,97.98333333
331,20-01-2021,nf_expiry,Tomin,NIFTY2112114600PE,45.46666667,,-225,31.15
332,20-01-2021,nf_expiry,Abin,NIFTY2112114600PE,56.3,,-225,66.75
333,20-01-2021,nf_expiry,Abin,NIFTY2112114550CE,77.75,,-225,97.98333333
334,20-01-2021,nf_expiry,Abin,NIFTY2112114600PE,45.41666667,,-225,31.1
335,21-01-2021,bnf_expiry,Abin,BANKNIFTY2112132700PE,89.35,,-75,37.65
336,21-01-2021,bnf_expiry,Abin,BANKNIFTY2112132700CE,53.45,,-75,0.6
337,21-01-2021,bnf_expiry,Tomin,BANKNIFTY2112132700PE,89.35,,-75,37.7
338,21-01-2021,bnf_expiry,Tomin,BANKNIFTY2112132700CE,53.23333333,,-75,0.6
339,21-01-2021,bnf_expiry,Ravindra,BANKNIFTY2112132700PE,89.35,,-75,37.66666667
340,21-01-2021,bnf_expiry,Ravindra,BANKNIFTY2112132700CE,53.4,,-75,0.55
341,21-01-2021,fno_trend,Abin,TATAMOTORS,294,289.25,631,289.25
342,21-01-2021,fno_trend,Abin,HAVELLS,1126.48,1103.5,132,1131
343,21-01-2021,fno_trend,Abin,VOLTAS,972.2502242,958.55,223,958.1017937
344,21-01-2021,fno_trend,Abin,BAJFINANCE,5159.15,5098.95,49,5091
345,21-01-2021,fno_trend,Abin,BAJAJFINSV,9339,9213.95,24,9212.975
346,21-01-2021,fno_trend,Abin,APOLLOTYRE,219,214.95,740,214.9
347,21-01-2021,fno_trend,Abin,BANDHANBNK,341.5399235,349.3,-392,338.6992347
348,21-01-2021,fno_trend,Tomin,TATAMOTORS,294,289.25,631,289.25
349,21-01-2021,fno_trend,Tomin,HAVELLS,1126.5,1103.5,132,1131.05
350,21-01-2021,fno_trend,Tomin,VOLTAS,972,958.55,223,958.1
351,21-01-2021,fno_trend,Tomin,BAJFINANCE,5159.085714,5098.95,49,5090.989796
352,21-01-2021,fno_trend,Tomin,BAJAJFINSV,9339,9213.95,24,9212.516667
353,21-01-2021,fno_trend,Tomin,APOLLOTYRE,218.9993243,214.95,740,214.9
354,21-01-2021,fno_trend,Tomin,BANDHANBNK,341.5,349.3,-392,338.6751276
355,21-01-2021,fno_trend,Michael,TATAMOTORS,294,289.25,126,289.3
356,21-01-2021,fno_trend,Michael,HAVELLS,1126.4,1103.5,26,1131.05
357,21-01-2021,fno_trend,Michael,VOLTAS,972,958.55,44,958.15
358,21-01-2021,fno_trend,Michael,BAJFINANCE,5159,5098.95,9,5091
359,21-01-2021,fno_trend,Michael,BAJAJFINSV,9339,9213.95,4,9212.7
360,21-01-2021,fno_trend,Michael,APOLLOTYRE,218.95,214.95,148,214.95
361,21-01-2021,fno_trend,Michael,BANDHANBNK,341.55,349.3,-78,338.65
362,21-01-2021,fno_trend,Ravindra,TATAMOTORS,294,289.25,126,289.2595238
363,21-01-2021,fno_trend,Ravindra,HAVELLS,1126.403846,1103.5,26,1131.01
364,21-01-2021,fno_trend,Ravindra,VOLTAS,972,958.55,44,958.1
365,21-01-2021,fno_trend,Ravindra,BAJFINANCE,5159,5098.95,9,5091
366,21-01-2021,fno_trend,Ravindra,BAJAJFINSV,9339,9213.95,4,9213.8
367,21-01-2021,fno_trend,Ravindra,APOLLOTYRE,218.9695946,214.95,148,214.9331081
368,21-01-2021,fno_trend,Ravindra,BANDHANBNK,341.5,349.3,-78,341.5
369,21-01-2021,bnf_trend,Abin,BANKNIFTY21JAN32800CE,417.95,,25,372
370,21-01-2021,bnf_trend,Abin,BANKNIFTY21JAN32600PE,378,,25,519.95
371,21-01-2021,bnf_trend,Tomin,BANKNIFTY21JAN32800CE,417.95,,25,371.85
372,21-01-2021,bnf_trend,Tomin,BANKNIFTY21JAN32600PE,377.7,,25,519.95
373,21-01-2021,bnf_trend,Ravindra,BANKNIFTY21JAN32800CE,417.95,,25,359.05
374,21-01-2021,bnf_trend,Ravindra,BANKNIFTY21JAN32600PE,378.1,,25,523.6
375,21-01-2021,nf_trend,Tomin,NIFTY21JAN14700PE,112.75,,75,173.1
376,21-01-2021,nf_trend,Abin,NIFTY21JAN14700PE,112.8,,75,173.1
377,21-01-2021,nf_expiry,Tomin,NIFTY2112114750PE,36.35,,-225,34.91666667
378,21-01-2021,nf_expiry,Tomin,NIFTY2112114700CE,31.25,,-225,0.15
379,21-01-2021,nf_expiry,Abin,NIFTY2112114750PE,36.35,,-225,34.81666667
380,21-01-2021,nf_expiry,Abin,NIFTY2112114700CE,31.03333333,,-225,0.15
381,22-01-2021,fno_trend,Abin,BAJAJ-AUTO,4024.95,3921.6,29,4086.92931
382,22-01-2021,fno_trend,Abin,HEROMOTOCO,3419,3361.95,53,3361.85
383,22-01-2021,fno_trend,Abin,APOLLOTYRE,235,229.35,540,229.272037
384,22-01-2021,fno_trend,Abin,EICHERMOT,3031.994355,2983.7,62,2982.5
385,22-01-2021,fno_trend,Abin,BANDHANBNK,313.4476496,320,-468,314.3691239
386,22-01-2021,fno_trend,Abin,ASIANPAINT,2643.024405,2679.65,-84,2598
387,22-01-2021,fno_trend,Abin,TATASTEEL,638,648.85,-283,648.85053
388,22-01-2021,fno_trend,Abin,AXISBANK,644.75,653.25,-352,643.8735795
389,22-01-2021,fno_trend,Abin,BIOCON,397.8,405.9,-370,392.8
390,22-01-2021,fno_trend,Abin,ICICIBANK,531.6097852,539.05,-419,534.8943914
391,22-01-2021,fno_trend,Abin,SBIN,285.5460335,288.9,-895,284
392,22-01-2021,fno_trend,Abin,INDUSINDBK,896.6947368,907.95,-266,893.8
393,22-01-2021,fno_trend,Tomin,BAJAJ-AUTO,4024,3921.6,29,4087.1
394,22-01-2021,fno_trend,Tomin,HEROMOTOCO,3419,3361.95,53,3361.85
395,22-01-2021,fno_trend,Tomin,APOLLOTYRE,235,229.35,540,229.25
396,22-01-2021,fno_trend,Tomin,EICHERMOT,3032,2983.7,62,2982.25
397,22-01-2021,fno_trend,Tomin,BANDHANBNK,313.45,320,-468,314.4715812
398,22-01-2021,fno_trend,Tomin,ASIANPAINT,2643,2679.65,-84,2598
399,22-01-2021,fno_trend,Tomin,TATASTEEL,638,648.85,-283,648.9
400,22-01-2021,fno_trend,Tomin,AXISBANK,644.7,653.25,-352,643.9
401,22-01-2021,fno_trend,Tomin,BIOCON,397.8,405.9,-370,392.8621622
402,22-01-2021,fno_trend,Tomin,ICICIBANK,531.7,539.05,-419,534.95
403,22-01-2021,fno_trend,Tomin,SBIN,285.5,288.9,-895,284
404,22-01-2021,fno_trend,Tomin,INDUSINDBK,896.3503759,907.95,-266,893.8
405,22-01-2021,fno_trend,Michael,BAJAJ-AUTO,4024,3921.6,5,4087
406,22-01-2021,fno_trend,Michael,HEROMOTOCO,3419,3361.95,10,3361.85
407,22-01-2021,fno_trend,Michael,APOLLOTYRE,235,229.35,108,229.25
408,22-01-2021,fno_trend,Michael,EICHERMOT,3032,2983.7,12,2982.55
409,22-01-2021,fno_trend,Michael,BANDHANBNK,313.45,320,-93,314.35
410,22-01-2021,fno_trend,Michael,ASIANPAINT,2643.75625,2679.65,-16,2598
411,22-01-2021,fno_trend,Michael,TATASTEEL,638,648.85,-56,648.9
412,22-01-2021,fno_trend,Michael,AXISBANK,644.75,653.25,-70,643.85
413,22-01-2021,fno_trend,Michael,BIOCON,397.8,405.9,-74,392.8
414,22-01-2021,fno_trend,Michael,ICICIBANK,531.75,539.05,-83,534.95
415,22-01-2021,fno_trend,Michael,SBIN,285.55,288.9,-179,284
416,22-01-2021,fno_trend,Michael,INDUSINDBK,896.35,907.95,-53,893.7245283
417,22-01-2021,fno_trend,Ravindra,BAJAJ-AUTO,4024.17,3921.6,5,4087
418,22-01-2021,fno_trend,Ravindra,HEROMOTOCO,3419,3361.95,10,3361.85
419,22-01-2021,fno_trend,Ravindra,APOLLOTYRE,235,229.35,108,229.25
420,22-01-2021,fno_trend,Ravindra,EICHERMOT,3032,2983.7,12,2982.5
421,22-01-2021,fno_trend,Ravindra,BANDHANBNK,313.45,320,-93,314.4
422,22-01-2021,fno_trend,Ravindra,ASIANPAINT,2643.1,2679.65,-16,2598
423,22-01-2021,fno_trend,Ravindra,TATASTEEL,638,648.85,-56,648.9
424,22-01-2021,fno_trend,Ravindra,AXISBANK,644.7,653.25,-70,643.9
425,22-01-2021,fno_trend,Ravindra,BIOCON,397.8,405.9,-74,392.9
426,22-01-2021,fno_trend,Ravindra,ICICIBANK,531.7186747,539.05,-83,534.95
427,22-01-2021,fno_trend,Ravindra,SBIN,285.55,288.9,-179,284
428,22-01-2021,fno_trend,Ravindra,INDUSINDBK,896.35,907.95,-53,893.85
429,22-01-2021,nf_trend,Tomin,NIFTY21JAN14600PE,143.175,,150,122
430,22-01-2021,nf_trend,Tomin,NIFTY21JAN14550PE,131,,150,149.5
431,22-01-2021,nf_trend,Tomin,NIFTY21JAN14500PE,155,,150,188.65
432,22-01-2021,nf_trend,Tomin,NIFTY21JAN14450CE,158.475,,150,126.9
433,22-01-2021,nf_trend,Tomin,NIFTY21JAN14350PE,138.2,,150,119.9
434,22-01-2021,nf_trend,Abin,NIFTY21JAN14600PE,143.075,,150,122
435,22-01-2021,nf_trend,Abin,NIFTY21JAN14550PE,130.95,,150,149.55
436,22-01-2021,nf_trend,Abin,NIFTY21JAN14500PE,155,,150,188.7
437,22-01-2021,nf_trend,Abin,NIFTY21JAN14450CE,158.45,,150,126.9
438,22-01-2021,nf_trend,Abin,NIFTY21JAN14350PE,138.2,,150,119.975
439,22-01-2021,nf_expiry,Tomin,NIFTY21JAN14450PE,159.25,,-150,170.9
440,22-01-2021,nf_expiry,Tomin,NIFTY21JAN14400CE,136.475,,-150,132
441,22-01-2021,nf_expiry,Abin,NIFTY21JAN14450PE,159.25,,-150,171.2
442,22-01-2021,nf_expiry,Abin,NIFTY21JAN14400CE,136.625,,-150,131.95
443,25-01-2021,bnf_expiry,Abin,BANKNIFTY28JAN31100CE,395.13,,-50,607.38
444,25-01-2021,bnf_expiry,Tomin,BANKNIFTY28JAN31100CE,395.03,,-50,601.73
445,25-01-2021,bnf_expiry,Ravindra,BANKNIFTY28JAN31100CE,394.18,,-50,579.8
446,25-01-2021,bnf_trend,Abin,BANKNIFTY28JAN31400PE,378.13,,-50,380.75
447,25-01-2021,bnf_trend,Tomin,BANKNIFTY28JAN31400PE,378.43,,-50,380.15
448,25-01-2021,bnf_trend,Ravindra,BANKNIFTY28JAN31400PE,379.28,,-50,380.38
449,25-01-2021,nf_trend,Tomin,NIFTY21JAN14300PE,119.73,,150,80.6
450,25-01-2021,nf_trend,Abin,NIFTY21JAN14300PE,119.75,,150,80.03
451,25-01-2021,nf_expiry,Tomin,NIFTY21JAN14300CE,146.95,,-150,170.25
452,25-01-2021,nf_expiry,Abin,NIFTY21JAN14300CE,146.86,,-150,171
453,27-01-2021,bnf_expiry,Abin,BANKNIFTY21JAN30800CE,297.25,,-75,419.2
454,27-01-2021,bnf_expiry,Abin,BANKNIFTY21JAN31100PE,214.48,,-75,215.68
455,27-01-2021,bnf_expiry,Tomin,BANKNIFTY21JAN30800CE,297.25,,-75,417.15
456,27-01-2021,bnf_expiry,Tomin,BANKNIFTY21JAN31100PE,214.48,,-75,215.77
457,27-01-2021,bnf_expiry,Ravindra,BANKNIFTY21JAN30800CE,297.25,,-50,415.65
458,27-01-2021,bnf_expiry,Ravindra,BANKNIFTY21JAN31100PE,213.95,,-50,215.35
459,27-01-2021,fno_trend,Abin,WIPRO,453.85,448.1,782,448
460,27-01-2021,fno_trend,Abin,AXISBANK,633.01,642.1,-500,630.5
461,27-01-2021,fno_trend,Abin,HDFCBANK,1416.4,1433.9,-258,1408.68
462,27-01-2021,fno_trend,Abin,TATASTEEL,628.56,636.15,-600,625.35
463,27-01-2021,fno_trend,Abin,ICICIBANK,519.81,526.05,-750,522.48
464,27-01-2021,fno_trend,Tomin,WIPRO,453.85,448.1,782,448
465,27-01-2021,fno_trend,Michael,WIPRO,453.85,448.1,104,448
466,27-01-2021,fno_trend,Michael,AXISBANK,633.05,642.1,-66,630.5
467,27-01-2021,fno_trend,Michael,HDFCBANK,1416.4,1433.9,-34,1408.64
468,27-01-2021,fno_trend,Michael,TATASTEEL,628.29,636.15,-80,625.35
469,27-01-2021,fno_trend,Michael,ICICIBANK,519.75,526.05,-100,522.5
470,27-01-2021,fno_trend,Ravindra,WIPRO,453.85,448.1,313,448
471,27-01-2021,fno_trend,Ravindra,AXISBANK,633.1,642.1,-200,630.5
472,27-01-2021,fno_trend,Ravindra,HDFCBANK,1416.4,1433.9,-103,1408.55
473,27-01-2021,fno_trend,Ravindra,TATASTEEL,628.5,636.15,-240,625.35
474,27-01-2021,fno_trend,Ravindra,ICICIBANK,519.76,526.05,-300,522.5
475,27-01-2021,fno_trend,Charles,WIPRO,453.85,448.1,104,448
476,27-01-2021,nf_expiry,Tomin,NIFTY21JAN14150CE,82.3,,-225,78.38
477,27-01-2021,nf_expiry,Abin,NIFTY21JAN14150CE,82.27,,-225,80
478,27-01-2021,nf_expiry,Ravindra,NIFTY21JAN14150CE,82.3,,-150,79.8
479,27-01-2021,nf_expiry,Charles,NIFTY21JAN14150CE,82.3,,-75,78.38
